{
  "image_width": 6000,
  "image_height": 4000,
  "fx": 5169.4658982758265,
  "fy": 5164.852342720943,
  "cx": 3027.5652772019694,
  "cy": 1963.4073546100499,
  "dist": [
    0.01396812538917292,
    0.01423735999501944,
    -0.002170639917259361,
    0.0013022925054777415,
    -0.0025874491191076898
  ],
  "camera_position_m": [
    0.5550251121768751,
    0.0745588262131156,
    -0.7653409714141515
  ],
  "camera_rotation_xyzw": [
    0.045962980166260714,
    -0.38975955388743727,
    -0.006222108219763789,
    0.9197478893571887
  ],
  "use_ransac": false,
  "inlier_indices": [
    0,
    1,
    2,
    3,
    4,
    5,
    6,
    7,
    8,
    9,
    10,
    11,
    12,
    13
  ],
  "reprojection_error_mean_all_px": 5.572018146514893,
  "reprojection_error_mean_inliers_px": 5.572018146514893,
  "reprojection_error_max_all_px": 12.30461597442627
}